Student_ID,Student_Name,Age,Gender,Department,Level,Attendance,CGPA,Failed_Courses,LMS_Engagement,Financial_Stress,Prediction,Probability (%)
STD20260001,Daniel Akile,30,Female,Economics,200,96.15,3.47,3,Low,No,LOW RISK OF DROPOUT,7.53
STD20260002,John Musa,26,Female,Economics,300,56.39,4.38,3,High,Yes,HIGH RISK OF DROPOUT,99.91
STD20260003,Samuel Akile,18,Male,Public Health,200,51.56,2.32,0,High,No,HIGH RISK OF DROPOUT,99.93
STD20260004,David Akile,19,Female,Political Science,300,58.49,3.78,4,High,No,HIGH RISK OF DROPOUT,98.96
STD20260005,Faith Musa,29,Female,Accounting,500,88.08,3.88,3,High,Yes,LOW RISK OF DROPOUT,6.42
STD20260006,Faith Musa,28,Female,Computer Science,100,86.81,1.57,1,High,Yes,HIGH RISK OF DROPOUT,76.31
STD20260007,Esther Akile,20,Male,Education,500,50.04,4.67,4,Medium,No,HIGH RISK OF DROPOUT,99.97
STD20260008,David Williams,23,Female,Banking and Finance,200,75.26,3.95,6,Low,Yes,HIGH RISK OF DROPOUT,97.01
STD20260009,Sarah Brown,22,Female,Business Administration,400,70.88,4.84,4,High,Yes,HIGH RISK OF DROPOUT,79.84
STD20260010,David Okeke,18,Female,Business Administration,200,60.78,3.78,1,Medium,No,HIGH RISK OF DROPOUT,95.22
STD20260011,Faith Williams,27,Female,Nursing,500,47.37,4.63,2,High,Yes,HIGH RISK OF DROPOUT,99.99
STD20260012,David Johnson,26,Male,Information Technology,400,61.86,2.32,0,Low,Yes,HIGH RISK OF DROPOUT,99.81
STD20260013,John Akile,27,Female,Business Administration,400,63.43,4.51,4,Low,No,HIGH RISK OF DROPOUT,98.04
STD20260014,Daniel Brown,21,Male,Political Science,400,87.89,1.55,4,High,No,HIGH RISK OF DROPOUT,90.26
STD20260015,Sarah Brown,18,Female,Nursing,500,52.88,4.28,5,Medium,Yes,HIGH RISK OF DROPOUT,99.99
STD20260016,John Johnson,27,Female,Software Engineering,500,64.43,1.59,3,High,Yes,HIGH RISK OF DROPOUT,99.81
STD20260017,Faith Brown,30,Female,Nursing,200,97.77,3.54,6,High,No,LOW RISK OF DROPOUT,5.11
STD20260018,Samuel Johnson,24,Male,Accounting,500,79.49,1.61,4,Low,No,HIGH RISK OF DROPOUT,99.03
STD20260019,Mary Musa,20,Male,Cyber Security,200,89.25,3.87,0,High,Yes,LOW RISK OF DROPOUT,7.41
STD20260020,John Akile,18,Female,Information Technology,500,63.54,4.41,4,High,No,HIGH RISK OF DROPOUT,95.2
STD20260021,Daniel Akile,26,Female,Economics,400,90.56,4.18,6,High,No,LOW RISK OF DROPOUT,9.38
STD20260022,David Williams,29,Male,Computer Science,500,96.68,1.61,0,Low,Yes,LOW RISK OF DROPOUT,47.79
STD20260023,David Williams,22,Female,Public Health,500,78.23,4.76,2,High,No,LOW RISK OF DROPOUT,17.17
STD20260024,Sarah Musa,24,Female,Mass Communication,500,69.28,4.8,0,High,No,LOW RISK OF DROPOUT,17.81
STD20260025,Mary Akile,19,Female,Accounting,100,88.12,4.69,0,High,No,LOW RISK OF DROPOUT,4.51
STD20260026,Samuel Johnson,29,Male,Public Health,100,82.33,4.09,6,Medium,Yes,HIGH RISK OF DROPOUT,56.38
STD20260027,Faith Brown,23,Female,Public Health,300,89.94,1.92,0,Medium,Yes,HIGH RISK OF DROPOUT,56.79
STD20260028,Esther Akile,25,Female,Software Engineering,100,55.55,4.6,3,Low,Yes,HIGH RISK OF DROPOUT,99.99
STD20260029,Grace Johnson,20,Female,Information Technology,200,75.54,2.03,3,Medium,Yes,HIGH RISK OF DROPOUT,99.45
STD20260030,David Musa,28,Female,Education,300,58.89,4.89,0,Medium,No,HIGH RISK OF DROPOUT,97.98
STD20260031,Daniel Musa,21,Male,Economics,500,81.29,2.85,4,High,No,LOW RISK OF DROPOUT,16.71
STD20260032,John Williams,20,Female,Sociology,100,96.76,3.83,5,Medium,No,LOW RISK OF DROPOUT,10.7
STD20260033,Faith Johnson,28,Male,Computer Science,300,90.42,3.37,3,High,No,LOW RISK OF DROPOUT,5.11
STD20260034,Samuel Williams,21,Male,Software Engineering,400,89.07,4.22,4,High,No,LOW RISK OF DROPOUT,8.52
STD20260035,John Akile,27,Female,Banking and Finance,500,83.33,2.84,4,High,Yes,LOW RISK OF DROPOUT,14.37
STD20260036,David Johnson,29,Male,Sociology,200,66.75,1.9,4,Low,Yes,HIGH RISK OF DROPOUT,99.99
STD20260037,Samuel Okeke,23,Male,Economics,300,95.44,1.84,0,Medium,Yes,LOW RISK OF DROPOUT,32.19
STD20260038,Samuel Okeke,21,Female,Software Engineering,300,93.16,4.9,2,Low,Yes,LOW RISK OF DROPOUT,18.9
STD20260039,Sarah Williams,24,Male,Mass Communication,100,78.27,3.56,5,Medium,No,LOW RISK OF DROPOUT,42.01
STD20260040,Faith Akile,22,Male,Sociology,300,72.26,3.69,0,High,Yes,LOW RISK OF DROPOUT,37.34
STD20260041,Grace Musa,27,Male,Computer Science,400,84.17,2.71,1,High,No,LOW RISK OF DROPOUT,11.75
STD20260042,Samuel Williams,20,Female,Economics,400,79.76,3.6,2,High,No,LOW RISK OF DROPOUT,9.82
STD20260043,Esther Johnson,23,Male,Education,400,78.12,2.76,1,Medium,No,LOW RISK OF DROPOUT,12.51
STD20260044,John Okeke,26,Male,Education,100,55.81,3.75,4,Low,Yes,HIGH RISK OF DROPOUT,99.98
STD20260045,Daniel Okeke,18,Male,Information Technology,200,49.26,4.19,5,High,No,HIGH RISK OF DROPOUT,99.96
STD20260046,Sarah Williams,23,Male,Cyber Security,400,63.68,1.72,1,High,Yes,HIGH RISK OF DROPOUT,99.72
STD20260047,Grace Okeke,29,Male,Business Administration,200,53.25,3.83,1,Low,Yes,HIGH RISK OF DROPOUT,99.98
STD20260048,Grace Akile,29,Male,Computer Science,300,68.19,3.47,3,High,Yes,HIGH RISK OF DROPOUT,75.98
STD20260049,Faith Johnson,30,Female,Accounting,100,49.66,4.19,5,Low,Yes,HIGH RISK OF DROPOUT,99.99
STD20260050,Mary Akile,19,Male,Political Science,500,50.5,1.6,5,Low,No,HIGH RISK OF DROPOUT,100.0
STD20260051,Sarah Johnson,21,Male,Economics,400,50.78,4.82,5,Low,Yes,HIGH RISK OF DROPOUT,99.99
STD20260052,Samuel Musa,30,Male,Information Technology,100,74.28,3.56,2,Medium,No,LOW RISK OF DROPOUT,30.61
STD20260053,Grace Brown,19,Male,Mass Communication,100,81.3,1.88,6,Low,Yes,HIGH RISK OF DROPOUT,99.76
STD20260054,Sarah Okeke,27,Male,Nursing,400,59.54,2.42,0,High,No,HIGH RISK OF DROPOUT,95.83
STD20260055,Daniel Okeke,19,Female,Software Engineering,100,81.24,4.19,2,High,No,LOW RISK OF DROPOUT,8.9
STD20260056,Michael Akile,20,Male,Public Health,400,64.6,2.78,2,Medium,Yes,HIGH RISK OF DROPOUT,99.71
STD20260057,Daniel Williams,20,Male,Nursing,100,88.11,3.82,3,Medium,No,LOW RISK OF DROPOUT,7.81
STD20260058,Grace Williams,18,Male,Data Science,400,93.98,4.84,3,Medium,Yes,LOW RISK OF DROPOUT,18.08
STD20260059,Sarah Okeke,26,Female,Information Technology,500,67.17,3.72,0,High,Yes,LOW RISK OF DROPOUT,34.79
STD20260060,Daniel Johnson,29,Male,Cyber Security,100,61.78,2.77,3,Medium,Yes,HIGH RISK OF DROPOUT,99.95
STD20260061,Grace Musa,27,Female,Accounting,500,54.39,2.69,0,Medium,Yes,HIGH RISK OF DROPOUT,99.93
STD20260062,Mary Akile,26,Female,Political Science,300,65.09,4.23,5,Medium,No,HIGH RISK OF DROPOUT,96.6
STD20260063,Daniel Musa,21,Female,Cyber Security,400,69.69,3.46,0,Medium,Yes,HIGH RISK OF DROPOUT,77.27
STD20260064,Daniel Okeke,22,Female,Economics,500,70.8,3.6,3,Medium,Yes,HIGH RISK OF DROPOUT,92.63
STD20260065,Daniel Musa,21,Female,Cyber Security,500,50.49,4.68,1,Medium,No,HIGH RISK OF DROPOUT,99.97
STD20260066,John Williams,18,Male,Accounting,500,88.66,4.42,6,Medium,No,LOW RISK OF DROPOUT,16.33
STD20260067,Sarah Okeke,26,Female,Sociology,500,64.86,3.94,6,Low,Yes,HIGH RISK OF DROPOUT,99.91
STD20260068,Samuel Okeke,24,Female,Business Administration,300,62.24,1.89,5,Medium,No,HIGH RISK OF DROPOUT,99.99
STD20260069,Grace Brown,26,Female,Software Engineering,100,45.37,3.15,2,Medium,Yes,HIGH RISK OF DROPOUT,99.99
STD20260070,David Williams,25,Male,Economics,500,86.51,2.47,4,High,No,LOW RISK OF DROPOUT,28.43
STD20260071,Faith Brown,21,Female,Sociology,400,70.46,2.16,2,Low,No,HIGH RISK OF DROPOUT,98.96
STD20260072,Michael Williams,26,Female,Cyber Security,100,81.84,4.04,2,Low,No,LOW RISK OF DROPOUT,19.15
STD20260073,Daniel Johnson,20,Female,Education,500,91.1,3.07,1,High,Yes,LOW RISK OF DROPOUT,10.76
STD20260074,Mary Musa,30,Male,Software Engineering,500,90.18,2.48,5,Low,No,HIGH RISK OF DROPOUT,51.17
STD20260075,David Akile,18,Female,Computer Science,500,96.87,3.42,1,Low,No,LOW RISK OF DROPOUT,6.69
STD20260076,Sarah Okeke,27,Female,Banking and Finance,300,89.11,2.72,6,Low,No,LOW RISK OF DROPOUT,26.38
STD20260077,David Williams,21,Male,Accounting,400,59.19,4.0,1,Medium,No,HIGH RISK OF DROPOUT,95.77
STD20260078,Sarah Brown,20,Female,Mass Communication,300,59.17,2.18,4,Medium,Yes,HIGH RISK OF DROPOUT,99.99
STD20260079,Mary Williams,24,Female,Data Science,500,97.5,4.65,3,Low,No,LOW RISK OF DROPOUT,9.8
STD20260080,Grace Okeke,22,Male,Mass Communication,200,65.39,3.88,5,High,No,HIGH RISK OF DROPOUT,75.76
STD20260081,Faith Okeke,29,Female,Economics,300,86.62,3.24,5,High,No,LOW RISK OF DROPOUT,12.99
STD20260082,Grace Akile,20,Female,Accounting,500,95.8,1.8,5,High,Yes,HIGH RISK OF DROPOUT,72.34
STD20260083,David Akile,24,Female,Economics,500,67.35,4.11,6,Medium,No,HIGH RISK OF DROPOUT,95.83
STD20260084,Grace Williams,23,Male,Business Administration,500,93.31,2.93,3,High,No,LOW RISK OF DROPOUT,3.53
STD20260085,Michael Johnson,27,Female,Mass Communication,400,85.84,1.86,3,High,Yes,HIGH RISK OF DROPOUT,88.59
STD20260086,Sarah Johnson,22,Male,Accounting,500,47.49,2.36,4,Low,No,HIGH RISK OF DROPOUT,100.0
STD20260087,Samuel Johnson,29,Male,Education,500,81.13,4.89,3,Medium,No,LOW RISK OF DROPOUT,16.72
STD20260088,Faith Johnson,28,Male,Business Administration,100,77.85,4.68,2,Low,Yes,HIGH RISK OF DROPOUT,64.58
STD20260089,Grace Musa,19,Male,Data Science,200,94.66,3.72,6,Medium,No,LOW RISK OF DROPOUT,10.24
STD20260090,Daniel Akile,30,Male,Sociology,400,81.33,1.98,3,Low,Yes,HIGH RISK OF DROPOUT,97.24
STD20260091,Michael Okeke,29,Female,Public Health,200,47.27,4.23,6,High,No,HIGH RISK OF DROPOUT,99.98
STD20260092,John Musa,23,Female,Sociology,200,47.62,4.3,3,High,Yes,HIGH RISK OF DROPOUT,99.98
STD20260093,Esther Johnson,28,Female,Economics,200,84.94,2.71,1,Low,No,LOW RISK OF DROPOUT,23.46
STD20260094,John Okeke,26,Male,Computer Science,500,76.83,2.49,0,High,Yes,LOW RISK OF DROPOUT,18.04
STD20260095,Samuel Akile,19,Female,Accounting,100,97.35,2.54,5,Low,Yes,LOW RISK OF DROPOUT,49.28
STD20260096,Sarah Okeke,26,Female,Political Science,500,86.48,1.87,5,Low,No,HIGH RISK OF DROPOUT,96.05
STD20260097,Mary Johnson,22,Female,Political Science,400,70.12,3.62,3,High,No,LOW RISK OF DROPOUT,23.34
STD20260098,Faith Brown,20,Female,Cyber Security,300,86.74,3.8,4,Low,No,LOW RISK OF DROPOUT,20.82
STD20260099,David Brown,26,Female,Business Administration,100,62.28,4.84,0,Medium,No,HIGH RISK OF DROPOUT,93.96
STD20260100,Samuel Akile,18,Female,Data Science,400,79.69,3.14,0,Medium,No,LOW RISK OF DROPOUT,7.6
STD20260101,John Williams,28,Male,Information Technology,200,49.77,1.57,2,High,No,HIGH RISK OF DROPOUT,99.99
STD20260102,John Brown,28,Female,Accounting,200,63.31,4.19,0,Medium,Yes,HIGH RISK OF DROPOUT,87.25
STD20260103,Daniel Musa,28,Female,Sociology,200,86.96,2.04,5,High,Yes,HIGH RISK OF DROPOUT,94.77
STD20260104,Sarah Akile,18,Female,Computer Science,500,54.67,4.91,0,Medium,No,HIGH RISK OF DROPOUT,99.66
STD20260105,Mary Musa,28,Male,Computer Science,300,87.34,3.28,0,Medium,No,LOW RISK OF DROPOUT,4.31
STD20260106,Samuel Williams,26,Male,Nursing,300,94.5,4.41,6,Medium,Yes,LOW RISK OF DROPOUT,20.21
STD20260107,Samuel Brown,18,Female,Software Engineering,200,54.39,4.89,2,Medium,No,HIGH RISK OF DROPOUT,99.94
STD20260108,John Musa,30,Female,Cyber Security,500,77.42,1.52,1,Medium,No,HIGH RISK OF DROPOUT,95.38
STD20260109,Samuel Akile,27,Male,Education,500,87.11,2.73,6,Medium,No,LOW RISK OF DROPOUT,39.62
STD20260110,Sarah Okeke,24,Male,Business Administration,200,55.79,2.96,2,Low,Yes,HIGH RISK OF DROPOUT,99.98
STD20260111,Mary Williams,23,Female,Nursing,400,48.76,3.63,2,High,No,HIGH RISK OF DROPOUT,99.96
STD20260112,Faith Akile,19,Female,Economics,400,58.12,2.28,4,Medium,No,HIGH RISK OF DROPOUT,99.96
STD20260113,Esther Akile,25,Male,Mass Communication,300,67.76,4.63,0,Medium,No,LOW RISK OF DROPOUT,43.3
STD20260114,Esther Johnson,23,Female,Data Science,200,90.94,2.34,4,Low,No,LOW RISK OF DROPOUT,49.68
STD20260115,Daniel Williams,22,Male,Education,100,76.58,3.83,3,Medium,No,LOW RISK OF DROPOUT,32.34
STD20260116,Mary Williams,23,Male,Nursing,400,85.47,1.89,0,Low,No,LOW RISK OF DROPOUT,41.97
STD20260117,Sarah Williams,24,Male,Mass Communication,100,52.67,3.09,1,Medium,Yes,HIGH RISK OF DROPOUT,99.98
STD20260118,Samuel Okeke,28,Male,Public Health,400,74.57,3.75,1,High,No,LOW RISK OF DROPOUT,9.93
STD20260119,Michael Williams,24,Female,Education,500,64.14,4.75,6,Low,No,HIGH RISK OF DROPOUT,99.27
STD20260120,David Brown,25,Male,Cyber Security,400,51.89,4.88,2,High,No,HIGH RISK OF DROPOUT,99.95
STD20260121,Daniel Williams,18,Male,Political Science,400,93.93,3.54,3,High,Yes,LOW RISK OF DROPOUT,9.53
STD20260122,Michael Williams,18,Male,Economics,100,68.7,4.0,1,High,Yes,LOW RISK OF DROPOUT,48.85
STD20260123,John Musa,26,Female,Data Science,300,61.71,3.52,1,High,Yes,HIGH RISK OF DROPOUT,78.64
STD20260124,Sarah Musa,29,Female,Cyber Security,300,78.6,3.32,5,High,Yes,LOW RISK OF DROPOUT,40.24
STD20260125,John Williams,21,Female,Accounting,300,58.3,4.08,6,Low,Yes,HIGH RISK OF DROPOUT,99.98
STD20260126,Sarah Williams,21,Male,Software Engineering,300,53.84,3.73,5,Medium,Yes,HIGH RISK OF DROPOUT,99.98
STD20260127,Grace Williams,21,Female,Cyber Security,500,66.11,4.92,1,Low,No,HIGH RISK OF DROPOUT,77.04
STD20260128,Samuel Brown,24,Female,Computer Science,300,98.39,2.29,2,High,No,LOW RISK OF DROPOUT,3.84
STD20260129,Samuel Akile,26,Female,Nursing,300,90.93,3.91,2,Low,Yes,LOW RISK OF DROPOUT,14.55
STD20260130,Samuel Musa,19,Female,Public Health,500,49.63,4.34,0,Low,No,HIGH RISK OF DROPOUT,99.93
STD20260131,John Johnson,30,Female,Political Science,100,90.57,2.15,3,High,No,LOW RISK OF DROPOUT,21.44
STD20260132,Grace Musa,20,Female,Mass Communication,300,46.13,3.5,0,Medium,No,HIGH RISK OF DROPOUT,99.96
STD20260133,Grace Brown,18,Female,Accounting,500,64.14,2.5,5,Low,No,HIGH RISK OF DROPOUT,99.93
STD20260134,Grace Musa,23,Female,Data Science,200,70.13,2.86,3,Low,No,HIGH RISK OF DROPOUT,83.16
STD20260135,Esther Okeke,30,Female,Accounting,400,48.73,4.33,4,Medium,Yes,HIGH RISK OF DROPOUT,99.98
STD20260136,Grace Akile,21,Female,Software Engineering,500,79.45,4.94,2,High,Yes,LOW RISK OF DROPOUT,42.65
STD20260137,John Akile,27,Female,Public Health,100,48.77,2.34,3,Medium,Yes,HIGH RISK OF DROPOUT,99.99
STD20260138,Grace Musa,24,Male,Political Science,400,90.61,4.05,0,Medium,No,LOW RISK OF DROPOUT,3.84
STD20260139,Mary Okeke,25,Female,Data Science,200,84.8,4.36,6,Medium,Yes,LOW RISK OF DROPOUT,41.88
STD20260140,Grace Williams,20,Female,Political Science,500,48.39,3.08,0,High,Yes,HIGH RISK OF DROPOUT,99.96
STD20260141,Samuel Brown,19,Male,Cyber Security,300,47.34,3.83,3,Low,No,HIGH RISK OF DROPOUT,99.97
STD20260142,Mary Johnson,19,Female,Nursing,100,79.68,2.0,3,Low,No,HIGH RISK OF DROPOUT,90.32
STD20260143,Faith Musa,26,Female,Education,300,91.6,2.52,0,Low,Yes,LOW RISK OF DROPOUT,25.57
STD20260144,Esther Akile,27,Female,Mass Communication,100,94.45,3.12,3,Low,No,LOW RISK OF DROPOUT,13.02
STD20260145,Grace Johnson,18,Male,Economics,500,86.05,2.09,4,Low,Yes,HIGH RISK OF DROPOUT,96.14
STD20260146,Sarah Johnson,18,Female,Education,400,78.37,1.91,5,Low,No,HIGH RISK OF DROPOUT,99.38
STD20260147,Grace Williams,29,Female,Education,400,80.72,2.86,1,Medium,Yes,LOW RISK OF DROPOUT,28.18
STD20260148,Michael Musa,27,Male,Sociology,400,97.72,2.77,0,High,Yes,LOW RISK OF DROPOUT,4.11
STD20260149,Daniel Brown,24,Female,Cyber Security,500,89.71,3.73,2,Low,Yes,LOW RISK OF DROPOUT,17.15
STD20260150,Esther Brown,24,Male,Accounting,200,48.97,4.89,6,Low,Yes,HIGH RISK OF DROPOUT,99.99
STD20260151,Grace Musa,20,Female,Banking and Finance,400,74.37,4.9,2,Low,Yes,HIGH RISK OF DROPOUT,79.24
STD20260152,David Okeke,20,Female,Sociology,300,87.37,3.15,0,High,Yes,LOW RISK OF DROPOUT,11.67
STD20260153,Samuel Williams,26,Female,Computer Science,200,92.55,1.5,3,Medium,No,HIGH RISK OF DROPOUT,74.24
STD20260154,Michael Brown,18,Female,Education,200,95.43,4.59,5,Low,Yes,LOW RISK OF DROPOUT,24.53
STD20260155,Sarah Johnson,20,Female,Mass Communication,300,50.73,3.89,3,Low,Yes,HIGH RISK OF DROPOUT,99.99
STD20260156,Mary Brown,25,Female,Data Science,300,82.44,3.37,0,High,Yes,LOW RISK OF DROPOUT,6.34
STD20260157,Grace Okeke,30,Male,Data Science,300,48.02,2.5,0,Low,No,HIGH RISK OF DROPOUT,99.98
STD20260158,Faith Okeke,21,Male,Accounting,500,63.26,2.41,1,High,No,HIGH RISK OF DROPOUT,94.52
STD20260159,Daniel Akile,26,Male,Economics,400,81.26,4.52,4,Low,No,LOW RISK OF DROPOUT,27.91
STD20260160,Michael Johnson,28,Male,Computer Science,300,91.85,1.7,3,Low,Yes,HIGH RISK OF DROPOUT,93.45
STD20260161,David Okeke,24,Female,Public Health,100,81.49,4.47,3,High,Yes,LOW RISK OF DROPOUT,32.95
STD20260162,Mary Johnson,23,Male,Public Health,100,75.22,3.6,5,Low,Yes,HIGH RISK OF DROPOUT,96.77
STD20260163,Mary Akile,24,Female,Computer Science,200,72.05,1.52,5,High,No,HIGH RISK OF DROPOUT,99.61
STD20260164,Samuel Musa,27,Female,Mass Communication,400,86.88,4.87,3,Medium,Yes,LOW RISK OF DROPOUT,36.4
STD20260165,Grace Brown,22,Female,Banking and Finance,300,91.58,2.85,5,Low,No,LOW RISK OF DROPOUT,15.73
STD20260166,John Akile,19,Female,Cyber Security,200,57.82,4.04,6,Medium,Yes,HIGH RISK OF DROPOUT,99.97
STD20260167,Mary Williams,27,Female,Accounting,300,76.99,2.41,1,High,No,LOW RISK OF DROPOUT,22.11
STD20260168,John Okeke,23,Male,Accounting,500,98.65,2.72,1,Medium,No,LOW RISK OF DROPOUT,3.14
STD20260169,Faith Musa,27,Female,Political Science,400,91.43,1.96,3,High,Yes,LOW RISK OF DROPOUT,39.29
STD20260170,John Akile,27,Female,Data Science,400,47.67,4.14,1,Low,No,HIGH RISK OF DROPOUT,99.95
STD20260171,Daniel Williams,25,Female,Nursing,100,73.69,4.1,6,High,No,LOW RISK OF DROPOUT,35.36
STD20260172,Esther Okeke,19,Female,Information Technology,200,47.83,4.93,0,High,No,HIGH RISK OF DROPOUT,99.97
STD20260173,Sarah Okeke,24,Male,Education,500,72.9,2.68,5,Medium,Yes,HIGH RISK OF DROPOUT,99.01
STD20260174,Esther Johnson,25,Female,Banking and Finance,400,47.02,4.93,0,Low,Yes,HIGH RISK OF DROPOUT,99.95
STD20260175,Grace Brown,22,Female,Economics,400,94.85,3.36,0,Low,No,LOW RISK OF DROPOUT,8.7
STD20260176,Mary Johnson,19,Female,Banking and Finance,300,66.34,2.26,6,Low,Yes,HIGH RISK OF DROPOUT,99.99
STD20260177,David Musa,23,Male,Economics,200,92.41,4.14,4,High,No,LOW RISK OF DROPOUT,5.0
STD20260178,Grace Brown,26,Female,Computer Science,100,46.6,3.82,5,High,Yes,HIGH RISK OF DROPOUT,99.98
STD20260179,Esther Williams,22,Male,Software Engineering,200,73.82,1.64,6,High,No,HIGH RISK OF DROPOUT,98.94
STD20260180,Grace Williams,18,Male,Nursing,200,88.25,4.22,1,High,Yes,LOW RISK OF DROPOUT,7.28
STD20260181,Michael Musa,28,Male,Education,300,85.82,1.68,3,Medium,No,HIGH RISK OF DROPOUT,85.71
STD20260182,Grace Johnson,28,Male,Software Engineering,500,81.81,3.33,1,Low,No,LOW RISK OF DROPOUT,18.2
STD20260183,David Okeke,18,Female,Business Administration,200,68.38,4.94,2,High,Yes,HIGH RISK OF DROPOUT,90.73
STD20260184,Samuel Brown,29,Male,Banking and Finance,200,62.78,2.11,4,Medium,Yes,HIGH RISK OF DROPOUT,99.99
STD20260185,Esther Brown,30,Male,Public Health,300,63.81,2.94,3,Low,No,HIGH RISK OF DROPOUT,99.39
STD20260186,Samuel Musa,21,Female,Accounting,200,75.43,4.46,4,High,No,LOW RISK OF DROPOUT,15.44
STD20260187,David Williams,24,Female,Sociology,300,94.01,3.28,4,Medium,No,LOW RISK OF DROPOUT,8.53
STD20260188,David Akile,20,Male,Sociology,200,68.08,4.49,3,Low,No,HIGH RISK OF DROPOUT,84.33
STD20260189,Daniel Brown,30,Female,Cyber Security,300,81.0,3.82,3,High,No,LOW RISK OF DROPOUT,7.36
STD20260190,Mary Johnson,22,Female,Sociology,300,79.88,3.5,6,Medium,No,LOW RISK OF DROPOUT,33.16
STD20260191,Grace Johnson,30,Female,Education,400,89.63,3.39,3,Medium,No,LOW RISK OF DROPOUT,7.28
STD20260192,Michael Williams,30,Male,Data Science,500,62.17,1.62,6,Medium,Yes,HIGH RISK OF DROPOUT,100.0
STD20260193,John Johnson,19,Male,Information Technology,500,55.84,1.77,1,Medium,No,HIGH RISK OF DROPOUT,99.97
STD20260194,Grace Johnson,19,Male,Economics,400,45.53,1.92,3,Low,Yes,HIGH RISK OF DROPOUT,100.0
STD20260195,John Akile,27,Female,Cyber Security,300,64.19,3.55,2,Low,No,HIGH RISK OF DROPOUT,90.49
STD20260196,David Okeke,24,Male,Cyber Security,100,45.85,1.59,4,High,Yes,HIGH RISK OF DROPOUT,100.0
STD20260197,Samuel Akile,20,Female,Political Science,500,58.95,2.68,5,Low,Yes,HIGH RISK OF DROPOUT,99.99
STD20260198,David Williams,22,Female,Political Science,500,50.56,2.18,6,Medium,No,HIGH RISK OF DROPOUT,99.99
STD20260199,John Okeke,29,Male,Nursing,100,65.22,4.95,5,High,Yes,HIGH RISK OF DROPOUT,99.48
STD20260200,Samuel Williams,18,Female,Accounting,200,96.94,2.12,6,Low,No,HIGH RISK OF DROPOUT,62.03
STD20260201,Mary Brown,22,Female,Software Engineering,500,57.31,2.12,6,Medium,No,HIGH RISK OF DROPOUT,99.99
STD20260202,Samuel Akile,29,Male,Data Science,200,64.05,3.26,3,High,No,LOW RISK OF DROPOUT,34.58
STD20260203,Michael Williams,19,Male,Nursing,200,46.77,2.0,0,Low,Yes,HIGH RISK OF DROPOUT,99.99
STD20260204,Faith Akile,23,Female,Business Administration,200,81.41,2.99,6,High,No,LOW RISK OF DROPOUT,10.66
STD20260205,Daniel Williams,18,Female,Mass Communication,200,61.3,4.69,4,High,No,HIGH RISK OF DROPOUT,98.13
STD20260206,David Musa,30,Female,Computer Science,400,59.2,1.88,2,Medium,Yes,HIGH RISK OF DROPOUT,99.98
STD20260207,David Williams,29,Female,Mass Communication,500,70.74,1.8,1,High,Yes,HIGH RISK OF DROPOUT,98.49
STD20260208,Sarah Johnson,26,Male,Data Science,500,75.41,1.63,4,High,No,HIGH RISK OF DROPOUT,95.41
STD20260209,Michael Akile,30,Male,Business Administration,500,55.11,2.67,6,High,No,HIGH RISK OF DROPOUT,99.93
STD20260210,Sarah Akile,25,Female,Economics,300,95.62,3.9,0,High,Yes,LOW RISK OF DROPOUT,3.66
STD20260211,Samuel Okeke,27,Male,Business Administration,500,81.01,1.59,4,Medium,No,HIGH RISK OF DROPOUT,92.87
STD20260212,Daniel Williams,29,Female,Business Administration,400,74.52,2.41,4,Medium,Yes,HIGH RISK OF DROPOUT,95.44
STD20260213,Samuel Musa,21,Male,Business Administration,400,73.57,2.09,5,High,No,HIGH RISK OF DROPOUT,98.67
STD20260214,Esther Musa,23,Female,Mass Communication,400,97.08,3.63,6,Medium,Yes,LOW RISK OF DROPOUT,11.61
STD20260215,John Akile,30,Female,Cyber Security,200,97.55,1.73,0,High,Yes,LOW RISK OF DROPOUT,17.66
STD20260216,Mary Akile,26,Female,Banking and Finance,400,58.81,4.03,3,Low,No,HIGH RISK OF DROPOUT,99.82
STD20260217,Faith Brown,28,Male,Banking and Finance,300,63.8,4.96,1,Medium,No,HIGH RISK OF DROPOUT,83.86
STD20260218,Grace Okeke,18,Male,Software Engineering,500,91.94,3.41,3,High,No,LOW RISK OF DROPOUT,6.91
STD20260219,Mary Musa,30,Female,Banking and Finance,200,75.7,4.29,5,Medium,No,HIGH RISK OF DROPOUT,52.37
STD20260220,Michael Williams,29,Female,Information Technology,100,61.57,1.72,3,Medium,Yes,HIGH RISK OF DROPOUT,99.99
STD20260221,Daniel Okeke,29,Female,Cyber Security,500,87.1,4.41,2,Medium,No,LOW RISK OF DROPOUT,8.17
STD20260222,Faith Akile,21,Male,Accounting,500,64.23,3.92,3,High,No,LOW RISK OF DROPOUT,40.8
STD20260223,Michael Okeke,21,Male,Accounting,100,57.09,2.51,5,Low,Yes,HIGH RISK OF DROPOUT,100.0
STD20260224,Daniel Okeke,20,Male,Information Technology,300,79.01,3.21,5,High,No,LOW RISK OF DROPOUT,17.6
STD20260225,Daniel Okeke,21,Male,Business Administration,300,90.38,1.65,2,Medium,No,LOW RISK OF DROPOUT,42.12
STD20260226,Samuel Musa,23,Male,Software Engineering,500,47.29,4.8,6,Medium,Yes,HIGH RISK OF DROPOUT,99.99
STD20260227,Sarah Brown,24,Male,Political Science,300,71.49,2.25,6,Low,Yes,HIGH RISK OF DROPOUT,99.92
STD20260228,Grace Williams,26,Male,Public Health,300,68.91,1.99,0,Low,Yes,HIGH RISK OF DROPOUT,99.83
STD20260229,Faith Johnson,26,Male,Accounting,500,84.78,2.81,2,High,No,LOW RISK OF DROPOUT,6.99
STD20260230,Michael Brown,19,Male,Economics,500,90.34,4.22,2,Low,Yes,LOW RISK OF DROPOUT,22.39
STD20260231,David Williams,19,Male,Sociology,500,66.5,1.98,0,Low,No,HIGH RISK OF DROPOUT,99.47
STD20260232,Samuel Okeke,27,Female,Accounting,100,71.2,1.53,3,Low,Yes,HIGH RISK OF DROPOUT,99.98
STD20260233,Esther Johnson,26,Female,Education,200,95.47,2.24,3,Low,No,LOW RISK OF DROPOUT,33.14
STD20260234,Michael Okeke,28,Male,Education,100,71.58,3.97,2,Low,No,HIGH RISK OF DROPOUT,54.07
STD20260235,Mary Akile,21,Male,Data Science,100,71.7,2.91,6,Low,No,HIGH RISK OF DROPOUT,97.86
STD20260236,Esther Williams,20,Male,Sociology,200,64.57,4.54,2,High,Yes,HIGH RISK OF DROPOUT,90.28
STD20260237,Esther Musa,19,Male,Information Technology,500,48.39,3.84,2,Low,Yes,HIGH RISK OF DROPOUT,99.99
STD20260238,Sarah Okeke,19,Female,Nursing,100,89.7,1.9,6,Low,No,HIGH RISK OF DROPOUT,96.74
STD20260239,Samuel Williams,22,Female,Mass Communication,200,58.19,1.55,6,Low,No,HIGH RISK OF DROPOUT,100.0
STD20260240,David Akile,24,Female,Education,400,65.42,2.37,4,Medium,Yes,HIGH RISK OF DROPOUT,99.89
STD20260241,Michael Williams,28,Male,Nursing,300,83.36,1.81,3,High,Yes,HIGH RISK OF DROPOUT,90.02
STD20260242,Esther Musa,27,Female,Banking and Finance,200,59.35,3.86,3,High,Yes,HIGH RISK OF DROPOUT,99.23
STD20260243,Grace Brown,24,Female,Nursing,300,75.18,2.69,5,High,Yes,HIGH RISK OF DROPOUT,87.44
STD20260244,Mary Musa,29,Female,Banking and Finance,100,88.07,4.39,2,High,Yes,LOW RISK OF DROPOUT,12.44
STD20260245,Samuel Johnson,18,Female,Accounting,300,75.06,2.19,3,Medium,No,HIGH RISK OF DROPOUT,84.41
STD20260246,Michael Musa,23,Male,Mass Communication,100,57.14,4.81,1,High,No,HIGH RISK OF DROPOUT,99.6
STD20260247,Michael Akile,27,Female,Economics,100,68.17,3.37,4,Medium,No,HIGH RISK OF DROPOUT,86.67
STD20260248,Michael Johnson,26,Female,Computer Science,300,45.04,2.6,3,Low,Yes,HIGH RISK OF DROPOUT,100.0
STD20260249,Sarah Johnson,21,Female,Accounting,400,56.24,4.47,2,Low,No,HIGH RISK OF DROPOUT,99.93
STD20260250,Sarah Okeke,30,Female,Computer Science,100,76.73,3.55,1,Medium,Yes,HIGH RISK OF DROPOUT,61.11
STD20260251,Michael Okeke,22,Female,Education,400,96.65,4.4,0,Low,No,LOW RISK OF DROPOUT,4.21
STD20260252,Michael Johnson,28,Female,Business Administration,500,62.4,2.08,4,Medium,No,HIGH RISK OF DROPOUT,99.97
STD20260253,Faith Okeke,19,Male,Economics,100,73.34,2.23,0,High,No,HIGH RISK OF DROPOUT,56.61
STD20260254,Samuel Johnson,19,Female,Economics,400,48.94,1.58,5,Medium,Yes,HIGH RISK OF DROPOUT,100.0
STD20260255,Sarah Okeke,19,Female,Banking and Finance,200,59.5,1.75,5,Low,Yes,HIGH RISK OF DROPOUT,100.0
STD20260256,Sarah Williams,24,Male,Computer Science,500,48.7,2.5,1,Medium,No,HIGH RISK OF DROPOUT,99.98
STD20260257,Mary Brown,29,Male,Computer Science,400,48.93,4.84,6,Low,No,HIGH RISK OF DROPOUT,99.99
STD20260258,Mary Musa,30,Male,Political Science,500,68.09,2.9,4,Low,Yes,HIGH RISK OF DROPOUT,99.61
STD20260259,Michael Williams,25,Female,Computer Science,300,74.68,2.64,3,Medium,Yes,HIGH RISK OF DROPOUT,88.51
STD20260260,Michael Musa,29,Male,Mass Communication,500,76.46,3.26,3,Medium,No,LOW RISK OF DROPOUT,29.91
STD20260261,John Johnson,22,Male,Nursing,500,74.22,2.49,0,Low,No,LOW RISK OF DROPOUT,43.09
STD20260262,Sarah Akile,21,Female,Sociology,300,50.18,3.43,6,Medium,No,HIGH RISK OF DROPOUT,99.98
STD20260263,Samuel Johnson,22,Male,Software Engineering,500,60.69,4.04,4,Medium,Yes,HIGH RISK OF DROPOUT,99.67
STD20260264,John Musa,24,Male,Information Technology,400,58.53,1.79,2,Low,No,HIGH RISK OF DROPOUT,99.97
STD20260265,Esther Musa,24,Female,Information Technology,100,88.95,1.62,6,Low,Yes,HIGH RISK OF DROPOUT,99.63
STD20260266,Grace Musa,22,Male,Accounting,400,57.24,3.26,2,Low,Yes,HIGH RISK OF DROPOUT,99.98
STD20260267,Mary Musa,20,Male,Public Health,300,64.4,1.78,0,Low,Yes,HIGH RISK OF DROPOUT,99.93
STD20260268,Faith Musa,30,Male,Cyber Security,300,51.98,1.9,6,Low,No,HIGH RISK OF DROPOUT,100.0
STD20260269,Michael Williams,24,Female,Sociology,300,71.12,3.93,3,Low,No,HIGH RISK OF DROPOUT,62.32
STD20260270,Mary Johnson,23,Female,Computer Science,500,69.99,3.63,1,Low,Yes,HIGH RISK OF DROPOUT,94.12
STD20260271,Esther Williams,25,Male,Mass Communication,400,47.47,4.16,2,High,No,HIGH RISK OF DROPOUT,99.94
STD20260272,Esther Brown,26,Female,Computer Science,200,49.52,2.2,4,Medium,No,HIGH RISK OF DROPOUT,99.99
STD20260273,Daniel Akile,20,Female,Political Science,400,83.6,4.05,2,Medium,Yes,LOW RISK OF DROPOUT,22.55
STD20260274,Daniel Okeke,18,Male,Public Health,500,81.34,2.71,0,High,Yes,LOW RISK OF DROPOUT,19.5
STD20260275,Daniel Musa,30,Female,Economics,100,94.59,3.06,3,High,No,LOW RISK OF DROPOUT,5.39
STD20260276,David Johnson,25,Male,Business Administration,500,93.62,2.92,6,Medium,Yes,LOW RISK OF DROPOUT,33.31
STD20260277,Daniel Johnson,24,Female,Public Health,500,81.77,4.58,2,Medium,No,LOW RISK OF DROPOUT,10.23
STD20260278,Sarah Akile,26,Female,Banking and Finance,200,93.16,3.23,2,High,Yes,LOW RISK OF DROPOUT,6.64
STD20260279,Michael Okeke,20,Female,Computer Science,200,83.8,2.77,6,Medium,Yes,HIGH RISK OF DROPOUT,78.31
STD20260280,Esther Okeke,23,Male,Nursing,100,65.48,4.84,4,High,No,LOW RISK OF DROPOUT,49.88
STD20260281,Grace Akile,26,Male,Cyber Security,300,94.05,1.51,1,Low,Yes,HIGH RISK OF DROPOUT,88.76
STD20260282,Grace Brown,30,Female,Information Technology,100,74.36,2.13,3,Low,No,HIGH RISK OF DROPOUT,98.27
STD20260283,Sarah Okeke,20,Female,Cyber Security,500,73.45,2.2,5,Low,Yes,HIGH RISK OF DROPOUT,99.93
STD20260284,Esther Williams,19,Male,Education,500,83.36,4.44,0,Low,No,LOW RISK OF DROPOUT,10.04
STD20260285,Michael Akile,20,Female,Economics,500,89.27,4.48,2,High,No,LOW RISK OF DROPOUT,5.29
STD20260286,Daniel Johnson,24,Female,Nursing,100,82.61,3.27,3,High,Yes,LOW RISK OF DROPOUT,24.55
STD20260287,Mary Akile,22,Female,Accounting,100,65.15,2.83,2,High,No,HIGH RISK OF DROPOUT,52.72
STD20260288,Esther Musa,19,Female,Accounting,500,67.38,1.55,0,High,No,HIGH RISK OF DROPOUT,98.65
STD20260289,Faith Akile,20,Female,Mass Communication,500,58.2,4.74,6,Low,Yes,HIGH RISK OF DROPOUT,99.98
STD20260290,Faith Williams,21,Female,Nursing,400,78.37,2.65,6,Low,No,HIGH RISK OF DROPOUT,88.72
STD20260291,Grace Brown,25,Male,Data Science,500,84.34,2.5,0,High,Yes,LOW RISK OF DROPOUT,8.34
STD20260292,Mary Musa,25,Female,Computer Science,400,60.87,2.36,1,Medium,No,HIGH RISK OF DROPOUT,99.7
STD20260293,Sarah Musa,18,Male,Mass Communication,200,70.01,2.05,6,High,Yes,HIGH RISK OF DROPOUT,99.84
STD20260294,Michael Musa,22,Male,Information Technology,100,90.14,4.0,0,Medium,No,LOW RISK OF DROPOUT,3.58
STD20260295,John Musa,28,Female,Software Engineering,200,96.82,2.99,5,Medium,Yes,LOW RISK OF DROPOUT,15.75
STD20260296,David Johnson,29,Male,Computer Science,500,73.42,2.85,2,Low,No,LOW RISK OF DROPOUT,47.81
STD20260297,Michael Okeke,25,Female,Software Engineering,400,98.28,4.99,3,High,Yes,LOW RISK OF DROPOUT,5.87
STD20260298,John Williams,21,Male,Computer Science,100,73.34,3.58,1,High,No,LOW RISK OF DROPOUT,17.46
STD20260299,David Brown,29,Female,Software Engineering,100,65.53,4.36,1,Medium,Yes,HIGH RISK OF DROPOUT,96.97
STD20260300,Sarah Okeke,25,Female,Mass Communication,400,51.21,1.99,3,Low,No,HIGH RISK OF DROPOUT,100.0
STD20260301,Daniel Williams,30,Female,Economics,300,46.36,3.45,1,Medium,Yes,HIGH RISK OF DROPOUT,99.97
STD20260302,Esther Johnson,29,Male,Business Administration,100,98.01,3.46,2,Low,Yes,LOW RISK OF DROPOUT,7.82
STD20260303,Grace Okeke,28,Male,Information Technology,400,95.6,2.76,0,High,No,LOW RISK OF DROPOUT,3.65
STD20260304,Michael Johnson,25,Male,Software Engineering,300,45.75,2.04,5,Medium,No,HIGH RISK OF DROPOUT,100.0
STD20260305,Michael Brown,18,Male,Education,300,49.94,3.14,3,High,Yes,HIGH RISK OF DROPOUT,99.98
STD20260306,Michael Musa,26,Female,Banking and Finance,300,98.94,2.15,5,Medium,Yes,LOW RISK OF DROPOUT,47.83
STD20260307,Daniel Johnson,24,Female,Public Health,200,45.24,4.09,1,Medium,No,HIGH RISK OF DROPOUT,99.95
STD20260308,Samuel Musa,29,Female,Information Technology,100,94.1,3.18,5,High,Yes,LOW RISK OF DROPOUT,18.85
STD20260309,Mary Okeke,18,Female,Software Engineering,200,92.6,3.2,3,Low,Yes,LOW RISK OF DROPOUT,25.71
STD20260310,Sarah Musa,21,Female,Cyber Security,300,91.28,4.72,2,High,No,LOW RISK OF DROPOUT,12.68
STD20260311,Sarah Akile,30,Male,Computer Science,100,82.38,3.44,2,High,No,LOW RISK OF DROPOUT,8.91
STD20260312,Mary Akile,19,Female,Mass Communication,400,65.56,3.44,3,Low,Yes,HIGH RISK OF DROPOUT,99.65
STD20260313,Michael Musa,21,Male,Political Science,400,96.24,3.1,1,Medium,No,LOW RISK OF DROPOUT,3.4
STD20260314,Daniel Williams,24,Female,Banking and Finance,100,98.97,2.43,3,Low,Yes,LOW RISK OF DROPOUT,29.58
STD20260315,Samuel Okeke,19,Female,Software Engineering,200,57.94,4.86,3,High,Yes,HIGH RISK OF DROPOUT,99.95
STD20260316,Faith Musa,30,Male,Data Science,300,58.31,1.84,3,High,No,HIGH RISK OF DROPOUT,99.82
STD20260317,Sarah Musa,21,Female,Nursing,100,97.53,2.1,1,Low,No,LOW RISK OF DROPOUT,15.5
STD20260318,David Johnson,28,Female,Data Science,200,55.38,2.59,0,Medium,No,HIGH RISK OF DROPOUT,99.92
STD20260319,Faith Brown,23,Female,Information Technology,100,83.11,4.13,5,Low,No,LOW RISK OF DROPOUT,29.05
STD20260320,David Musa,20,Male,Education,400,78.91,4.11,2,Medium,Yes,LOW RISK OF DROPOUT,34.46
STD20260321,Grace Williams,27,Female,Computer Science,100,91.75,1.65,4,Medium,Yes,HIGH RISK OF DROPOUT,90.78
STD20260322,Daniel Williams,18,Female,Computer Science,100,58.34,4.35,6,High,No,HIGH RISK OF DROPOUT,99.76
STD20260323,Faith Johnson,28,Male,Computer Science,300,66.91,4.23,4,High,No,HIGH RISK OF DROPOUT,50.03
STD20260324,Michael Johnson,21,Male,Cyber Security,100,77.28,1.67,6,High,No,HIGH RISK OF DROPOUT,98.11
STD20260325,Samuel Williams,28,Female,Computer Science,400,66.37,2.29,2,Low,No,HIGH RISK OF DROPOUT,99.62
STD20260326,Michael Williams,18,Male,Business Administration,100,82.65,4.35,6,Low,Yes,HIGH RISK OF DROPOUT,69.47
STD20260327,Mary Williams,27,Male,Economics,500,85.07,3.18,4,Low,Yes,LOW RISK OF DROPOUT,43.43
STD20260328,Sarah Brown,23,Male,Computer Science,100,85.26,2.51,0,High,No,LOW RISK OF DROPOUT,5.71
STD20260329,Grace Okeke,27,Female,Public Health,200,97.54,3.77,2,Low,No,LOW RISK OF DROPOUT,5.95
STD20260330,Samuel Brown,25,Male,Computer Science,400,93.39,2.13,0,Low,No,LOW RISK OF DROPOUT,27.18
STD20260331,Sarah Brown,18,Female,Nursing,400,74.7,3.22,2,Medium,No,LOW RISK OF DROPOUT,28.88
STD20260332,Mary Okeke,20,Female,Data Science,400,58.52,1.86,0,Medium,Yes,HIGH RISK OF DROPOUT,99.94
STD20260333,Grace Johnson,22,Male,Accounting,400,86.11,3.6,3,Low,No,LOW RISK OF DROPOUT,17.05
STD20260334,Daniel Musa,20,Female,Nursing,300,47.34,3.68,6,High,No,HIGH RISK OF DROPOUT,99.97
STD20260335,Samuel Okeke,22,Male,Economics,500,45.84,3.69,3,Medium,Yes,HIGH RISK OF DROPOUT,99.99
STD20260336,Faith Okeke,21,Male,Cyber Security,400,97.76,1.78,6,Low,No,LOW RISK OF DROPOUT,43.25
STD20260337,Grace Williams,27,Male,Cyber Security,400,58.18,3.39,1,Medium,Yes,HIGH RISK OF DROPOUT,99.73
STD20260338,David Musa,18,Male,Nursing,400,59.04,4.87,6,High,Yes,HIGH RISK OF DROPOUT,99.73
STD20260339,Esther Brown,28,Female,Nursing,100,61.9,4.05,5,High,Yes,HIGH RISK OF DROPOUT,99.68
STD20260340,Mary Johnson,29,Male,Sociology,100,91.69,2.73,1,High,No,LOW RISK OF DROPOUT,6.61
STD20260341,David Johnson,25,Male,Education,100,47.77,1.54,2,Medium,No,HIGH RISK OF DROPOUT,100.0
STD20260342,Esther Akile,19,Female,Software Engineering,300,79.93,1.78,6,Medium,No,HIGH RISK OF DROPOUT,98.21
STD20260343,Daniel Williams,23,Male,Economics,500,93.71,2.58,0,Low,No,LOW RISK OF DROPOUT,11.73
STD20260344,David Akile,20,Female,Business Administration,300,47.73,3.05,4,Low,No,HIGH RISK OF DROPOUT,99.98
STD20260345,Daniel Okeke,22,Female,Sociology,100,89.63,3.99,3,Medium,No,LOW RISK OF DROPOUT,8.05
STD20260346,Daniel Williams,19,Female,Software Engineering,100,63.55,3.6,5,Low,No,HIGH RISK OF DROPOUT,99.41
STD20260347,Daniel Musa,19,Male,Business Administration,100,89.56,2.87,0,Low,Yes,LOW RISK OF DROPOUT,12.9
STD20260348,Faith Brown,20,Male,Political Science,300,76.41,3.37,2,High,Yes,LOW RISK OF DROPOUT,43.69
STD20260349,John Musa,29,Male,Mass Communication,400,76.7,2.3,4,Medium,Yes,HIGH RISK OF DROPOUT,97.06
STD20260350,Sarah Musa,18,Male,Nursing,500,49.49,2.66,2,Low,Yes,HIGH RISK OF DROPOUT,99.99
STD20260351,Michael Akile,20,Female,Accounting,500,58.57,2.87,1,High,Yes,HIGH RISK OF DROPOUT,99.39
STD20260352,Faith Akile,20,Female,Information Technology,300,66.41,1.79,4,Low,Yes,HIGH RISK OF DROPOUT,99.99
STD20260353,John Okeke,22,Male,Software Engineering,400,57.4,3.28,3,Medium,No,HIGH RISK OF DROPOUT,99.91
STD20260354,John Brown,26,Male,Public Health,300,65.46,4.08,5,High,No,HIGH RISK OF DROPOUT,87.45
STD20260355,Sarah Musa,24,Male,Banking and Finance,200,46.88,2.32,3,Medium,No,HIGH RISK OF DROPOUT,99.99
STD20260356,Mary Akile,23,Male,Data Science,300,95.33,2.0,5,Low,No,HIGH RISK OF DROPOUT,72.21
STD20260357,Grace Okeke,21,Female,Education,300,48.88,2.27,5,High,No,HIGH RISK OF DROPOUT,99.99
STD20260358,Sarah Johnson,26,Female,Mass Communication,100,61.5,3.56,3,High,No,HIGH RISK OF DROPOUT,95.4
STD20260359,Esther Williams,24,Male,Economics,300,66.15,1.81,4,Low,No,HIGH RISK OF DROPOUT,99.95
STD20260360,Grace Okeke,22,Male,Business Administration,500,58.67,4.39,1,Low,Yes,HIGH RISK OF DROPOUT,99.89
STD20260361,Grace Johnson,24,Female,Data Science,400,94.46,4.74,0,Low,Yes,LOW RISK OF DROPOUT,12.83
STD20260362,Faith Williams,20,Female,Cyber Security,100,86.96,3.6,5,Medium,No,LOW RISK OF DROPOUT,13.68
STD20260363,Michael Johnson,21,Female,Data Science,400,79.7,4.01,6,Low,Yes,HIGH RISK OF DROPOUT,84.9
STD20260364,Esther Musa,30,Female,Political Science,100,78.36,2.56,4,High,No,LOW RISK OF DROPOUT,44.19
STD20260365,Michael Akile,19,Female,Cyber Security,400,50.07,3.73,5,Medium,Yes,HIGH RISK OF DROPOUT,99.99
STD20260366,Mary Akile,22,Male,Accounting,500,76.26,1.58,4,Medium,No,HIGH RISK OF DROPOUT,99.3
STD20260367,Esther Williams,25,Male,Nursing,200,47.97,3.44,4,High,Yes,HIGH RISK OF DROPOUT,99.98
STD20260368,Daniel Musa,25,Female,Computer Science,300,62.41,2.23,1,High,No,HIGH RISK OF DROPOUT,98.13
STD20260369,Faith Brown,25,Female,Banking and Finance,200,49.73,1.74,1,Low,No,HIGH RISK OF DROPOUT,100.0
STD20260370,Daniel Okeke,22,Female,Economics,300,56.96,4.91,0,Medium,No,HIGH RISK OF DROPOUT,99.5
STD20260371,Samuel Akile,30,Male,Sociology,300,92.89,3.63,2,High,Yes,LOW RISK OF DROPOUT,8.58
STD20260372,Michael Musa,30,Male,Nursing,500,50.56,4.18,2,Medium,No,HIGH RISK OF DROPOUT,99.95
STD20260373,Daniel Williams,18,Male,Sociology,400,51.51,3.53,4,Low,No,HIGH RISK OF DROPOUT,99.99
STD20260374,Mary Williams,27,Male,Accounting,400,83.71,4.27,2,High,Yes,LOW RISK OF DROPOUT,14.35
STD20260375,Faith Akile,20,Male,Information Technology,400,58.3,3.18,2,Low,No,HIGH RISK OF DROPOUT,99.57
STD20260376,John Akile,30,Female,Sociology,500,80.49,2.38,2,Medium,No,HIGH RISK OF DROPOUT,60.19
STD20260377,Sarah Okeke,29,Male,Banking and Finance,500,47.88,2.45,6,Medium,No,HIGH RISK OF DROPOUT,99.99
STD20260378,Faith Musa,27,Female,Business Administration,200,96.38,4.31,0,Low,No,LOW RISK OF DROPOUT,5.3
STD20260379,Daniel Brown,19,Female,Public Health,100,93.2,2.71,6,High,No,LOW RISK OF DROPOUT,28.53
STD20260380,Daniel Musa,25,Female,Accounting,400,48.82,2.78,4,High,No,HIGH RISK OF DROPOUT,99.95
STD20260381,John Williams,18,Female,Data Science,400,50.26,4.03,0,High,Yes,HIGH RISK OF DROPOUT,99.9
STD20260382,Michael Johnson,22,Female,Information Technology,300,80.72,1.74,4,Medium,Yes,HIGH RISK OF DROPOUT,99.6
STD20260383,Daniel Okeke,23,Male,Mass Communication,200,67.48,1.86,1,Medium,No,HIGH RISK OF DROPOUT,99.25
STD20260384,Mary Johnson,28,Female,Information Technology,500,60.83,3.27,1,High,Yes,HIGH RISK OF DROPOUT,82.35
STD20260385,Sarah Johnson,28,Male,Political Science,300,90.23,2.68,5,Medium,No,LOW RISK OF DROPOUT,27.45
STD20260386,Daniel Musa,30,Female,Information Technology,400,52.27,4.33,0,Medium,No,HIGH RISK OF DROPOUT,99.68
STD20260387,Faith Musa,28,Female,Accounting,400,96.77,2.93,2,High,No,LOW RISK OF DROPOUT,2.12
STD20260388,Sarah Akile,21,Female,Data Science,200,73.41,2.94,5,Low,Yes,HIGH RISK OF DROPOUT,99.26
STD20260389,Daniel Musa,18,Male,Mass Communication,200,83.7,3.3,3,High,Yes,LOW RISK OF DROPOUT,20.7
STD20260390,Samuel Okeke,25,Female,Business Administration,300,84.68,4.26,6,Low,Yes,HIGH RISK OF DROPOUT,59.89
STD20260391,David Johnson,26,Male,Accounting,300,83.26,1.91,4,Low,Yes,HIGH RISK OF DROPOUT,97.66
STD20260392,Esther Johnson,19,Female,Education,100,47.71,2.16,6,Low,No,HIGH RISK OF DROPOUT,100.0
STD20260393,Esther Musa,29,Female,Computer Science,400,53.29,3.01,4,High,Yes,HIGH RISK OF DROPOUT,99.98
STD20260394,Sarah Musa,20,Female,Software Engineering,300,67.24,4.16,5,Low,No,HIGH RISK OF DROPOUT,95.58
STD20260395,John Musa,20,Female,Data Science,100,86.67,3.39,3,High,No,LOW RISK OF DROPOUT,10.3
STD20260396,Michael Akile,25,Male,Information Technology,300,60.17,2.19,3,Low,No,HIGH RISK OF DROPOUT,99.96
STD20260397,Grace Johnson,28,Female,Political Science,100,60.45,2.65,5,Medium,No,HIGH RISK OF DROPOUT,99.93
STD20260398,Michael Johnson,20,Male,Economics,500,51.05,4.55,0,High,Yes,HIGH RISK OF DROPOUT,99.96
STD20260399,Mary Akile,22,Female,Economics,400,65.4,2.6,0,High,Yes,HIGH RISK OF DROPOUT,84.43
STD20260400,Mary Musa,29,Female,Mass Communication,500,85.99,3.7,2,Low,Yes,LOW RISK OF DROPOUT,25.03
STD20260401,John Brown,20,Female,Banking and Finance,300,46.79,4.19,3,Medium,No,HIGH RISK OF DROPOUT,99.98
STD20260402,Faith Okeke,30,Female,Political Science,200,94.16,3.38,3,Medium,No,LOW RISK OF DROPOUT,5.62
STD20260403,Samuel Johnson,21,Male,Economics,400,70.84,1.99,2,Low,Yes,HIGH RISK OF DROPOUT,99.94
STD20260404,Sarah Musa,21,Female,Nursing,200,48.29,3.1,0,High,No,HIGH RISK OF DROPOUT,99.95
STD20260405,Michael Akile,22,Male,Banking and Finance,200,70.96,4.72,4,Low,Yes,HIGH RISK OF DROPOUT,98.49
STD20260406,David Brown,24,Female,Cyber Security,400,76.76,2.69,0,Low,Yes,HIGH RISK OF DROPOUT,53.67
STD20260407,Esther Williams,28,Female,Cyber Security,100,58.7,4.47,5,High,Yes,HIGH RISK OF DROPOUT,99.92
STD20260408,John Akile,18,Female,Business Administration,100,88.25,3.75,1,Medium,No,LOW RISK OF DROPOUT,6.12
STD20260409,Esther Williams,30,Male,Software Engineering,500,55.98,4.25,5,High,No,HIGH RISK OF DROPOUT,99.87
STD20260410,Grace Williams,19,Male,Accounting,200,90.45,2.02,3,High,No,LOW RISK OF DROPOUT,20.58
STD20260411,Sarah Johnson,27,Female,Data Science,300,84.24,2.74,0,Low,Yes,LOW RISK OF DROPOUT,20.76
STD20260412,John Okeke,19,Male,Data Science,200,91.9,2.28,3,High,Yes,LOW RISK OF DROPOUT,22.74
STD20260413,Esther Johnson,26,Female,Mass Communication,500,74.83,4.5,3,High,No,LOW RISK OF DROPOUT,16.05
STD20260414,Sarah Brown,29,Female,Business Administration,300,47.59,4.31,5,Medium,No,HIGH RISK OF DROPOUT,99.98
STD20260415,Grace Brown,27,Female,Banking and Finance,400,94.8,2.6,6,High,Yes,LOW RISK OF DROPOUT,20.4
STD20260416,Mary Akile,26,Male,Accounting,100,81.94,1.58,0,High,No,LOW RISK OF DROPOUT,26.29
STD20260417,Grace Brown,29,Male,Software Engineering,300,84.36,2.79,5,High,No,LOW RISK OF DROPOUT,20.43
STD20260418,Michael Williams,18,Male,Sociology,500,53.96,4.53,3,Medium,No,HIGH RISK OF DROPOUT,99.98
STD20260419,Michael Akile,18,Female,Sociology,500,61.54,4.97,2,Low,Yes,HIGH RISK OF DROPOUT,99.88
STD20260420,Mary Akile,23,Female,Mass Communication,400,95.77,3.79,0,High,Yes,LOW RISK OF DROPOUT,5.85
STD20260421,Daniel Akile,22,Male,Political Science,200,98.55,4.3,1,High,Yes,LOW RISK OF DROPOUT,2.67
STD20260422,Samuel Johnson,26,Female,Political Science,100,95.86,4.75,5,Low,Yes,LOW RISK OF DROPOUT,27.99
STD20260423,Mary Musa,20,Female,Sociology,200,48.98,3.2,1,Low,Yes,HIGH RISK OF DROPOUT,99.99
STD20260424,Faith Okeke,29,Male,Information Technology,500,56.26,3.44,4,Medium,Yes,HIGH RISK OF DROPOUT,99.98
STD20260425,Mary Okeke,25,Female,Sociology,300,81.75,1.75,3,High,No,HIGH RISK OF DROPOUT,60.86
STD20260426,Mary Brown,21,Female,Business Administration,200,85.96,3.87,1,High,No,LOW RISK OF DROPOUT,8.3
STD20260427,Daniel Johnson,23,Female,Cyber Security,100,92.83,2.0,3,Low,Yes,HIGH RISK OF DROPOUT,68.69
STD20260428,Samuel Musa,18,Female,Data Science,100,53.83,1.8,4,High,No,HIGH RISK OF DROPOUT,99.98
STD20260429,Mary Akile,25,Male,Mass Communication,100,56.9,3.21,4,Low,No,HIGH RISK OF DROPOUT,99.97
STD20260430,David Musa,25,Male,Computer Science,200,49.79,4.29,1,Medium,Yes,HIGH RISK OF DROPOUT,99.97
STD20260431,John Johnson,19,Female,Cyber Security,100,95.95,2.6,4,High,No,LOW RISK OF DROPOUT,11.73
STD20260432,David Akile,29,Female,Data Science,500,78.68,1.55,4,High,No,HIGH RISK OF DROPOUT,95.97
STD20260433,David Musa,21,Female,Software Engineering,100,92.09,3.2,3,Medium,No,LOW RISK OF DROPOUT,8.63
STD20260434,David Williams,18,Male,Banking and Finance,300,80.86,3.36,1,Medium,No,LOW RISK OF DROPOUT,13.0
STD20260435,Esther Okeke,20,Female,Cyber Security,200,58.26,4.72,3,Low,Yes,HIGH RISK OF DROPOUT,99.98
STD20260436,Grace Brown,24,Male,Accounting,400,95.27,4.12,5,High,Yes,LOW RISK OF DROPOUT,7.52
STD20260437,John Brown,28,Female,Business Administration,500,94.16,4.82,6,High,Yes,LOW RISK OF DROPOUT,19.6
STD20260438,Sarah Okeke,30,Male,Computer Science,500,97.43,1.51,6,Low,Yes,HIGH RISK OF DROPOUT,98.8
STD20260439,Mary Akile,19,Female,Banking and Finance,200,89.78,4.31,4,Low,No,LOW RISK OF DROPOUT,13.55
STD20260440,David Akile,28,Female,Economics,400,81.87,3.31,4,High,Yes,LOW RISK OF DROPOUT,30.18
STD20260441,David Akile,27,Female,Cyber Security,200,59.71,4.89,5,Medium,Yes,HIGH RISK OF DROPOUT,99.95
STD20260442,Michael Akile,21,Female,Software Engineering,300,73.48,3.04,6,High,Yes,HIGH RISK OF DROPOUT,91.6
STD20260443,Grace Johnson,27,Female,Nursing,500,55.99,3.08,2,Low,No,HIGH RISK OF DROPOUT,99.95
STD20260444,Daniel Williams,20,Male,Nursing,200,68.02,4.48,2,Medium,Yes,HIGH RISK OF DROPOUT,92.4
STD20260445,David Musa,22,Male,Mass Communication,200,86.26,3.83,6,High,No,LOW RISK OF DROPOUT,16.4
STD20260446,Daniel Akile,18,Female,Data Science,100,91.8,4.7,1,Medium,Yes,LOW RISK OF DROPOUT,19.26
STD20260447,David Williams,24,Male,Sociology,500,62.62,3.82,0,Low,No,HIGH RISK OF DROPOUT,86.49
STD20260448,David Okeke,22,Female,Education,400,76.93,2.04,2,Medium,Yes,HIGH RISK OF DROPOUT,99.02
STD20260449,Grace Musa,24,Male,Nursing,300,46.4,3.92,3,Low,No,HIGH RISK OF DROPOUT,99.98
STD20260450,Mary Akile,26,Female,Business Administration,200,46.71,4.28,1,Low,Yes,HIGH RISK OF DROPOUT,99.99
STD20260451,Daniel Okeke,21,Male,Cyber Security,100,50.06,2.99,6,Medium,No,HIGH RISK OF DROPOUT,99.98
STD20260452,John Musa,30,Male,Nursing,200,70.41,4.65,5,Low,No,HIGH RISK OF DROPOUT,92.54
STD20260453,Grace Okeke,22,Female,Information Technology,300,71.0,1.8,1,Medium,No,HIGH RISK OF DROPOUT,98.03
STD20260454,Sarah Okeke,20,Female,Software Engineering,100,73.44,3.53,5,Low,No,HIGH RISK OF DROPOUT,90.24
STD20260455,Esther Brown,28,Male,Banking and Finance,200,65.09,1.61,0,High,Yes,HIGH RISK OF DROPOUT,99.82
STD20260456,Faith Musa,21,Male,Education,200,98.56,4.05,5,Medium,Yes,LOW RISK OF DROPOUT,9.08
STD20260457,John Okeke,22,Female,Economics,500,51.0,2.85,6,Medium,Yes,HIGH RISK OF DROPOUT,100.0
STD20260458,David Musa,23,Male,Nursing,300,67.4,2.52,1,High,Yes,HIGH RISK OF DROPOUT,93.18
STD20260459,John Musa,18,Male,Computer Science,400,62.04,1.9,1,Low,Yes,HIGH RISK OF DROPOUT,99.99
STD20260460,Mary Brown,19,Male,Software Engineering,100,61.18,2.82,6,Medium,Yes,HIGH RISK OF DROPOUT,99.98
STD20260461,David Musa,26,Female,Economics,400,60.39,1.64,0,Medium,Yes,HIGH RISK OF DROPOUT,99.94
STD20260462,Daniel Johnson,26,Female,Information Technology,300,80.31,1.66,3,Medium,No,HIGH RISK OF DROPOUT,91.56
STD20260463,Mary Musa,26,Male,Education,500,77.93,3.21,0,High,No,LOW RISK OF DROPOUT,7.07
STD20260464,John Williams,24,Male,Accounting,400,48.54,2.67,5,Medium,Yes,HIGH RISK OF DROPOUT,100.0
STD20260465,Faith Akile,25,Male,Mass Communication,500,75.79,3.05,5,Medium,Yes,HIGH RISK OF DROPOUT,95.68
STD20260466,Samuel Musa,24,Female,Education,400,60.45,3.82,1,Low,Yes,HIGH RISK OF DROPOUT,98.42
STD20260467,Mary Brown,19,Male,Information Technology,100,54.73,1.77,0,High,No,HIGH RISK OF DROPOUT,99.66
STD20260468,John Akile,26,Male,Banking and Finance,100,68.42,3.12,5,Low,Yes,HIGH RISK OF DROPOUT,99.8
STD20260469,Samuel Musa,20,Male,Data Science,300,92.84,2.11,1,Low,Yes,HIGH RISK OF DROPOUT,55.35
STD20260470,Esther Akile,22,Male,Nursing,400,50.42,1.9,4,Low,Yes,HIGH RISK OF DROPOUT,100.0
STD20260471,Esther Williams,25,Male,Economics,200,76.6,4.17,4,Medium,Yes,HIGH RISK OF DROPOUT,70.49
STD20260472,Michael Johnson,22,Female,Accounting,300,88.35,2.17,4,High,Yes,HIGH RISK OF DROPOUT,66.6
STD20260473,John Okeke,18,Female,Education,500,70.18,1.96,4,Low,Yes,HIGH RISK OF DROPOUT,99.98
STD20260474,Sarah Okeke,27,Male,Computer Science,500,62.92,2.5,6,High,No,HIGH RISK OF DROPOUT,99.78
STD20260475,Michael Johnson,20,Female,Information Technology,500,78.64,3.79,5,Low,Yes,HIGH RISK OF DROPOUT,81.77
STD20260476,Esther Brown,27,Male,Business Administration,200,94.67,2.96,0,Medium,No,LOW RISK OF DROPOUT,3.43
STD20260477,Samuel Akile,29,Female,Mass Communication,200,95.66,4.87,4,High,Yes,LOW RISK OF DROPOUT,10.62
STD20260478,Mary Akile,26,Male,Data Science,200,60.43,4.12,3,Medium,Yes,HIGH RISK OF DROPOUT,99.78
STD20260479,John Williams,29,Female,Nursing,400,77.38,4.45,1,Medium,No,LOW RISK OF DROPOUT,19.67
STD20260480,Daniel Johnson,26,Female,Business Administration,300,97.57,3.0,4,Medium,Yes,LOW RISK OF DROPOUT,7.47
STD20260481,Samuel Williams,19,Female,Economics,200,94.2,2.76,5,Low,No,LOW RISK OF DROPOUT,19.73
STD20260482,Mary Akile,27,Female,Education,400,57.02,3.03,1,High,No,HIGH RISK OF DROPOUT,99.51
STD20260483,John Akile,24,Male,Cyber Security,400,70.37,4.78,4,Medium,Yes,HIGH RISK OF DROPOUT,91.86
STD20260484,Faith Akile,29,Male,Mass Communication,300,91.93,1.78,6,High,No,HIGH RISK OF DROPOUT,63.88
STD20260485,John Brown,27,Female,Sociology,200,59.18,3.08,4,Medium,Yes,HIGH RISK OF DROPOUT,99.97
STD20260486,David Musa,30,Female,Accounting,400,61.71,4.84,6,Medium,No,HIGH RISK OF DROPOUT,99.09
STD20260487,Samuel Akile,22,Female,Cyber Security,500,54.02,2.12,3,High,No,HIGH RISK OF DROPOUT,99.96
STD20260488,Faith Musa,23,Male,Political Science,400,85.37,2.78,1,Medium,No,LOW RISK OF DROPOUT,8.67
STD20260489,Daniel Musa,30,Male,Sociology,200,79.17,1.68,3,Low,No,HIGH RISK OF DROPOUT,97.17
STD20260490,Grace Johnson,19,Male,Cyber Security,400,88.86,1.91,4,High,Yes,HIGH RISK OF DROPOUT,89.37
STD20260491,Faith Williams,26,Female,Accounting,400,56.29,4.06,6,High,Yes,HIGH RISK OF DROPOUT,99.92
STD20260492,Michael Johnson,29,Male,Computer Science,200,57.47,4.55,0,Medium,Yes,HIGH RISK OF DROPOUT,99.84
STD20260493,Samuel Williams,22,Female,Mass Communication,100,57.87,2.69,4,Medium,Yes,HIGH RISK OF DROPOUT,99.99
STD20260494,Faith Okeke,26,Female,Accounting,500,52.14,2.98,3,Medium,Yes,HIGH RISK OF DROPOUT,99.99
STD20260495,Sarah Johnson,22,Female,Software Engineering,100,87.72,3.94,1,High,Yes,LOW RISK OF DROPOUT,12.72
STD20260496,David Brown,23,Male,Political Science,200,93.35,3.04,3,High,Yes,LOW RISK OF DROPOUT,12.1
STD20260497,David Williams,18,Male,Mass Communication,300,80.84,2.89,0,High,Yes,LOW RISK OF DROPOUT,12.16
STD20260498,Mary Johnson,20,Male,Education,500,59.2,1.94,6,Low,No,HIGH RISK OF DROPOUT,99.99
STD20260499,Michael Akile,24,Male,Accounting,100,78.89,2.14,0,Medium,No,LOW RISK OF DROPOUT,28.64
STD20260500,Grace Musa,19,Male,Cyber Security,200,92.91,4.32,5,Low,Yes,LOW RISK OF DROPOUT,20.8
